"id","name","module_ids","department_id"
"","David McDonald","German","Ancient Studies"
"","Ross Troxler","Health","Biomedical Sciences"
"","Josh Morton","History","Agricultural Economics"
"","Alex Bam","Geography","Civil Engineering"
"","Megan Day","Geography","Botany and Zoology"
"","James Freemantle","Abstract Math","Mathematical Sciences"
"","Olivia Goodwin","Sociology","Ancient Studies"
"","Jeff Du Toit","Culture","Music"
"","Richard Barnett","Anatomy","Information Science"
"","Robert Henderson","Sociology","Human Resource Development Military Academy"
