<?xml version="1.0" ?>
<odoo>
<!-- Category for collage (Oddo does this to orginise related group..p81)-->
<record id="module_winelands_category" model="ir.module.category">
    <field name="name">WineLands College</field>
  </record>
<!-- Student User Group -->
<record id="winelands_group_student" model="res.groups">
    <field name="name">Student</field>
    <field name="category_id"
           ref="module_winelands_category"/>
    <field name="implied_ids"
           eval="[(4, ref('base.group_user'))]"/>
</record>
<!-- Academic User Group -->
<record id="winelands_group_academic" model="res.groups">
    <field name="name">Academic Staff</field>
    <field name="category_id"
           ref="module_winelands_category"/>
    <field name="implied_ids"
           eval="[(4, ref('base.group_user'))]"/>
</record>
<!-- Admin User Group -->
<!--This might be more then just a base user, will check with the gang-->
<record id="winelands_group_admin_staff" model="res.groups">
    <field name="name">Admin Staff</field>
    <field name="category_id"
           ref="module_winelands_category"/>
    <field name="implied_ids"
           eval="[(4, ref('base.group_user'))]"/>
</record>
<!--This is the root user, in case-->
<record id="winelands_group_root_admin" model="res.groups">
    <field name="name">Root Admin</field>
    <field name="category_id"
           ref="module_winelands_category"/>
    <field name="implied_ids"
           eval="[(4, ref('base.user_admin'))]"/>
</record>

<!-- Hidene Group (This is to hide the top value)-->
<record id="winelands_group_root_hidden" model="res.groups">
    <field name="name">Admin Admin</field>
    <field name="category_id"
           ref="module_winelands_category"/>
    <field name="implied_ids"
           eval="[(4, ref('base.user_admin'))]"/>
</record>

<!--For dev mode we have changed the update to 0, but it should be one-->
<!-- This is for vewing the students -->
<data noupdate="0">
 <record id="Student_marks_rule" model="ir.rule">
 <field name="name">Marks acsess rules</field>
 <field name="model_id" ref="model_college_enrolledstudent"/>
 <field name="domain_force">
       [('student_id.partner_id.user_ids.id','=',user.id)]
 </field>
<field name="groups" eval="[(4,ref('winelands_group_student'))]"/>
 </record>
 </data>

 <data noupdate="0">
 <record id="Student_module_rule" model="ir.rule">
 <field name="name">Student can only see module</field>
 <field name="model_id" ref="model_college_module"/>
 <field name="domain_force">
   [('module_students.student_id.partner_id.user_ids.id','=',user.id)]
 </field>
<field name="groups" eval="[(4,ref('winelands_group_student'))]"/>
 </record>
 </data>

<data noupdate="0">
 <record id="Academic_module_rule" model="ir.rule">
 <field name="name">Academic Staff can only see module from own department or that they teach</field>
 <field name="model_id" ref="model_college_module"/>
 <field name="domain_force">
   ['|',('department_id.staff_id.partner_id.user_ids.id','=',user.id), ('staff_ids.partner_id.user_ids.id','=',user.id)]
 </field>
<field name="groups" eval="[(4,ref('winelands_group_academic'))]"/>
 </record>
</data>

<data noupdate="0">
 <record id="Academic_marks_rule" model="ir.rule">
 <field name="name">Academic Staff can only see marks from own department or from modules they teach</field>
 <field name="model_id" ref="model_college_enrolledstudent"/>
 <field name="domain_force">
   ['|',('module_id.department_id.staff_id.partner_id.user_ids.id','=',user.id), ('module_id.staff_ids.partner_id.user_ids.id','=',user.id)]
 </field>
<field name="groups" eval="[(4,ref('winelands_group_academic'))]"/>
<field name="perm_read">True</field>
<field name="perm_write">True</field>
<field name="perm_create">True</field>
<field name="perm_unlink">True</field>
 </record>
</data>



<data noupdate="0">
 <record id="Student_student_rule" model="ir.rule">
   <field name="name">Students can only See themselfs</field>
   <field name="model_id" ref="model_college_student"/>
   <field name="domain_force">
     [('partner_id.user_ids.id','=',user.id)]
   </field>
   <field name="groups" eval="[(4,ref('winelands_group_student'))]"/>
   <field name="perm_read">True</field>
   <field name="perm_write">True</field>
   <field name="perm_create">True</field>
   <field name="perm_unlink">True</field>
 </record>
</data>

</odoo>
